Prompt,Claude Response,Open-Source LLM Response,BLEU Score,METEOR Score,ROUGE-1,ROUGE-2,ROUGE-L,Cosine Similarity
What is artificial intelligence?,"Artificial intelligence (AI) refers to the development of computer systems and software that can perform tasks or exhibit behaviors that would typically require human intelligence, such as learning, problem-solving, perception, reasoning, and decision-making.

The key aspects of AI include:

1. Machine Learning: The ability of computer systems to learn and improve from experience without being explicitly programmed.

2. Natural Language Processing: The ability to understand, interpret, and generate human language.

3. Computer Vision: The ability to identify and process digital images and videos.

4. Robotics: The development of machines that can perform physical tasks, often in an autonomous or semi-autonomous manner.

5. Expert Systems: Computer systems that emulate the decision-making ability of a human expert in a specific domain.

AI systems can be designed to perform a wide range of tasks, from simple automation to complex decision-making and problem-solving. They have applications in various fields, including healthcare, finance, transportation, and entertainment, among others.

The field of AI is rapidly evolving, with ongoing research and development aimed at creating more sophisticated and capable AI systems that can mimic and enhance human intelligence.","What is artificial intelligence? Here again, people ask you a number, just by the way I am trying to explain something. We want to address a particular subject. Do you mean it in its simplest possible way?



A. There must be one or more specific human brain. When you say certain things, then there will be no computer working across a particular part of the brain. The human brain is a human brain, and you have the right human brain to interpret a particular set",1.524234888913514e-155,0.09940357852882703,0.16483516027532918,0.008097161612223515,0.1538461492863182,0.22996826891720634
Explain the difference between machine learning and deep learning.,"Machine Learning and Deep Learning are two distinct yet related fields within the broader domain of Artificial Intelligence (AI). Here's the key difference between the two:

1. Machine Learning:
   - Machine Learning is a subset of AI that focuses on developing algorithms and statistical models that enable systems to perform specific tasks effectively without being explicitly programmed.
   - The goal of Machine Learning is to create models that can learn from data and make predictions or decisions based on that data.
   - Machine Learning algorithms can be broadly divided into three main categories: supervised learning, unsupervised learning, and reinforcement learning.
   - Examples of Machine Learning applications include spam detection, image classification, recommendation systems, and predictive analytics.

2. Deep Learning:
   - Deep Learning is a specialized subset of Machine Learning that is inspired by the structure and function of the human brain.
   - Deep Learning models are characterized by the use of multiple layers of artificial neural networks, which can automatically learn and extract features from raw data.
   - Deep Learning models are particularly effective at handling complex, high-dimensional data, such as images, audio, and natural language.
   - The depth of the neural network architecture, along with the ability to learn hierarchical representations of data, enables Deep Learning models to solve more complex problems compared to traditional Machine Learning algorithms.
   - Examples of Deep Learning applications include image recognition, natural language processing, speech recognition, and autonomous driving.

The key differences can be summarized as follows:

- Complexity: Deep Learning models are generally more complex and have a deeper architectural structure compared to traditional Machine Learning algorithms.
- Data Requirements: Deep Learning models typically require larger amounts of data to achieve high performance, while traditional Machine Learning models can work well with smaller datasets.
- Feature Engineering: In Deep Learning, the models can automatically learn and extract features from raw data, whereas in traditional Machine Learning, feature engineering is often crucial.
- Performance: Deep Learning models have demonstrated superior performance in a wide range of tasks, particularly in areas involving complex, unstructured data, such as images, audio, and natural language.

In summary, while both Machine Learning and Deep Learning are part of the broader field of AI, Deep Learning represents a more advanced and specialized subset of Machine Learning, with its own unique capabilities and applications.","Explain the difference between machine learning and deep learning. To see what's really going on, ask me to dig in.",7.028789622274732e-09,0.026268809572726193,0.06730769064765167,0.006230528481284348,0.06730769064765167,0.40590495758186734
How does natural language processing work?,"Natural language processing (NLP) is a field of artificial intelligence that focuses on the interaction between computers and human language. Here's a high-level overview of how NLP works:

1. Input Processing:
   - NLP systems take in text or speech data as input.
   - For text, this may involve tasks like tokenization (breaking the text into individual words or phrases), part-of-speech tagging, and named entity recognition.
   - For speech, the input is first converted to text through automatic speech recognition.

2. Understanding and Interpretation:
   - NLP systems use various techniques to understand the meaning and context of the input language.
   - This may involve tasks like semantic analysis (understanding the meaning of words and phrases), syntax analysis (understanding the grammatical structure), and pragmatic analysis (understanding the intended meaning in context).
   - Common techniques used for understanding include:
     - Lexical analysis: Understanding the meaning of individual words.
     - Syntactic analysis: Parsing the grammatical structure of sentences.
     - Semantic analysis: Determining the overall meaning and relationships between words and concepts.
     - Discourse analysis: Understanding the context and flow of the entire text or conversation.

3. Knowledge Representation and Reasoning:
   - NLP systems often rely on knowledge bases or ontologies to store and reason about information related to the input.
   - This allows the system to draw inferences, make connections, and provide appropriate responses or outputs.

4. Generation and Output:
   - Based on the understanding and reasoning, NLP systems can generate human-readable text or speech as output.
   - This may involve tasks like language generation, summarization, translation, or question answering.

NLP techniques can be applied to a wide range of applications, such as machine translation, text summarization, sentiment analysis, chatbots, and virtual assistants. The field of NLP is continuously evolving, with advancements in areas like deep learning, transfer learning, and language models, which have significantly improved the performance and capabilities of NLP systems.","How does natural language processing work?

A little more explanation could be presented, but we'll focus on some of the key points. The problem with natural language processing (for example, when talking about language processing, an external language could have language processing power that could also have the ability to handle the internal processing on the client side, as well as translation from the client side.)
If language processing isn't already achieved, as you might have noticed several years ago, the idea behind native language",0.00327908090655237,0.07488670101114052,0.11353711395511161,0.017191973543731892,0.11353711395511161,0.2658949173777962
What are the ethical concerns with AI development?,"There are a number of important ethical concerns that have been raised regarding the development of AI systems:

Privacy and data use - The collection and use of large amounts of personal data to train AI models raises significant privacy issues. There need to be robust safeguards and regulations around data privacy.

Bias and fairness - AI systems can reflect and amplify existing societal biases. There is a risk of AI being used in ways that discriminate against certain groups. Ensuring AI fairness and lack of bias is critical.

Transparency and accountability - Many AI models are 'black boxes' where the decision-making process is not transparent. There need to be ways to audit and hold AI systems accountable.

Job displacement - As AI becomes more advanced, there are concerns about widespread job losses, especially for certain types of work. Policymakers need to address the economic disruption.

Existential risk - Some worry that advanced AI systems could eventually become uncontrollable and pose existential threats to humanity. Responsible development and containment of advanced AI is crucial.

Ethics and values alignment - As AI becomes more autonomous, there are concerns about aligning AI systems with human ethics and values. Embedding the right principles and objectives in AI is a key challenge.

Overall, the rapid development of AI raises a host of ethical issues that need to be carefully considered and addressed through policies, regulations, and careful system design. Responsible AI development is essential.","What are the ethical concerns with AI development?




Have you come across any thoughts on AI at all?
When did we come to the conclusions of what might make these AI issues and issues look?
What's your favourite things on AI, what does the impact it has on the society - how will it affect their own lives (whether it be mental or cognitive)?
How does the impact on the society impact the society in general?
How do we understand the impact AI",6.527463941718872e-156,0.06303375355835705,0.13402061440695093,0.006872848374489949,0.12371133605643547,0.27000781717849653
Describe the concept of neural networks.,"Neural networks are a type of machine learning model inspired by the structure and function of the human brain. They are composed of interconnected nodes, called neurons, which are organized into layers. The basic idea behind neural networks is to learn complex patterns and relationships in data through a process of training.

Here are the key concepts of neural networks:

1. Neurons: The basic building blocks of a neural network are artificial neurons, which are designed to mimic the behavior of biological neurons in the brain. Each neuron receives input signals, performs a simple computation, and produces an output signal.

2. Layers: Neural networks are organized into multiple layers, typically an input layer, one or more hidden layers, and an output layer. The input layer receives the data, the hidden layers perform the necessary transformations, and the output layer produces the final predictions or decisions.

3. Connections and Weights: The neurons in different layers are connected to each other, and each connection has an associated weight. These weights determine the strength of the connection and how much influence one neuron has on another.

4. Activation Functions: Neurons in the hidden layers use activation functions, such as sigmoid, ReLU, or tanh, to introduce non-linearity and enable the network to learn complex patterns in the data.

5. Training: Neural networks are trained using a large dataset of input-output pairs. The network starts with random weights, and through a process called backpropagation, the weights are iteratively adjusted to minimize the difference between the network's output and the desired output, effectively learning the underlying patterns in the data.

6. Generalization: Once trained, the neural network can be used to make predictions or decisions on new, unseen data, demonstrating its ability to generalize beyond the training data.

Neural networks have been successfully applied to a wide range of tasks, such as image recognition, natural language processing, speech recognition, and even complex decision-making problems. Their ability to learn complex patterns and relationships in data has made them a powerful tool in the field of machine learning and artificial intelligence.","Describe the concept of neural networks.

The notion has a way of using artificial networks to understand how people talk. It is possible to write the neural network of people for specific events (e.g., for example, an encounter for example, and/or a walk). The network is essentially an artificial or functional network of people that is able to interact with one another and then engage in those interactions. One can even see that if it is a training, training, or training for any",1.0238729002135491e-79,0.07888181566565182,0.19008264098353944,0.02624671581209872,0.17355371536370473,0.4037624030555653
What is transfer learning in AI?,"Transfer learning is a machine learning technique that involves using knowledge gained from solving one problem and applying it to a different but related problem. The key idea behind transfer learning is to leverage the features or representations learned from one task to improve the performance on a target task, even when the two tasks are different.

In traditional machine learning, models are trained from scratch on a specific dataset for a particular task. However, this approach can be inefficient, especially when the target dataset is small or the task is similar to one that has already been solved. Transfer learning aims to address this by reusing parts of a pre-trained model, typically the lower-level feature extractors, and fine-tuning the model for the new task.

The main benefits of transfer learning include:

1. Improved performance: By leveraging knowledge from a related task, transfer learning can often achieve better performance, especially when the target dataset is small.

2. Reduced training time and data requirements: The pre-trained model already has learned useful features, which can significantly reduce the amount of training data and time needed for the new task.

3. Better generalization: Transfer learning can help the model generalize better, as it has already learned useful representations from the source task.

Transfer learning is widely used in various domains, such as computer vision, natural language processing, and speech recognition, where pre-trained models like ImageNet, BERT, and ELIZA are commonly used as starting points for fine-tuning on specific tasks.","What is transfer learning in AI?




Is the transfer learning experience better than learning in AI?

What are the pros and cons of transfer learning?
These are two topics that you will likely find in more or less the following articles.
How do we get better at transfer learning?
The first is how we can improve our learning by introducing advanced learning techniques. The second is how it can lead to greater understanding of the learning environment through the use of techniques that use",2.1874181775959046e-79,0.10526315789473682,0.18947368014182833,0.013289032705158889,0.16842104856288095,0.47084676647644097
Explain how recommendation systems work.,"Recommendation systems are algorithms designed to suggest relevant items, products, or content to users based on their preferences, behaviors, and interests. The primary goal of recommendation systems is to enhance the user experience by providing personalized recommendations that are likely to be of interest to the user. Here's a general overview of how recommendation systems work:

1. Data Collection:
   - Recommendation systems gather data about the user's preferences, behavior, and interactions with the system. This data can include past purchases, search history, ratings, reviews, demographic information, and various other user activities.

2. User Profiling:
   - Based on the collected data, the system creates a user profile that represents the user's interests, preferences, and behaviors. This profile can be used to understand the user's tastes and preferences.

3. Content Analysis:
   - The system analyzes the available items, products, or content (e.g., movies, books, songs) to understand their attributes, characteristics, and relationships. This can involve techniques like natural language processing, image recognition, or collaborative filtering.

4. Recommendation Algorithms:
   - The recommendation system employs various algorithms to match the user's profile with the available items. Common approaches include:
     - Collaborative Filtering: Identifying users with similar preferences and recommending items that similar users have liked.
     - Content-Based Filtering: Recommending items that are similar to the ones the user has liked in the past.
     - Hybrid Approaches: Combining collaborative and content-based filtering to leverage the strengths of both.

5. Personalization and Ranking:
   - The recommendation system personalizes the recommendations for each user based on their profile and the available items. It then ranks the recommendations based on various factors, such as predicted relevance, user preferences, and business objectives.

6. Feedback and Iterative Improvement:
   - As the user interacts with the recommendations, the system collects feedback (e.g., clicks, purchases, ratings) to update the user's profile and refine the recommendation algorithms. This feedback loop allows the system to continuously improve its recommendations over time.

Recommendation systems can be found in various applications, such as e-commerce platforms, streaming services, social media, and content platforms. They play a crucial role in enhancing user engagement, increasing sales, and improving the","Explain how recommendation systems work. That is, we use a way of making recommendations by assigning to an appropriate role.",3.84486234275338e-09,0.02582311750374728,0.08571428399092974,0.012048191692009097,0.07619047446712021,0.1336239192781452
AVERAGE,,,0.0004684416828863335,0.06765156196216954,0.13499588348590583,0.01285377888871377,0.12522393261988898,0.3114298642665026
